{
  "scope": "none",
  "packages": {
    "fullcalendar": {
      "modules": [
        "fullcalendar",
        "fullcalendar.print",
        "gcal"
      ]
    }
  },
  "modules": {
    "fullcalendar": {
      "scripts": [
        "src/intro.js",
        "src/defaults.js",
        "src/main.js",
        "src/lang.js",
        "src/Calendar.js",
        "src/Header.js",
        "src/EventManager.js",
        "src/util.js",
        "src/moment-ext.js",
        "src/date-formatting.js",
        "src/common/Popover.js",
        "src/common/CoordMap.js",
        "src/common/DragListener.js",
        "src/common/MouseFollower.js",
        "src/common/RowRenderer.js",
        "src/common/Grid.js",
        "src/common/Grid.events.js",
        "src/common/DayGrid.js",
        "src/common/DayGrid.events.js",
        "src/common/DayGrid.limit.js",
        "src/common/TimeGrid.js",
        "src/common/TimeGrid.events.js",
        "src/common/View.js",
        "src/basic/BasicView.js",
        "src/basic/MonthView.js",
        "src/basic/BasicWeekView.js",
        "src/basic/BasicDayView.js",
        "src/agenda/AgendaView.js",
        "src/agenda/AgendaWeekView.js",
        "src/agenda/AgendaDayView.js",
        "src/outro.js"
      ],
      "styles": [
        "src/common/common.css",
        "src/main.css",
        "src/basic/basic.css",
        "src/agenda/agenda.css"
      ]
    },
    "fullcalendar.print": {
      "styles": [
        "src/common/print.css"
      ]
    },
    "gcal": {
      "scripts": [
        "src/gcal/gcal.js"
      ]
    }
  }
}